{
  "accuracy": 0.92905,
  "precision": 0.8568334937439847,
  "recall": 0.8120866590649943,
  "f1": 0.8338602037232175,
  "epsilon": 0.01,
  "trained_on": "canonical_data"
}