{
  "gender_parity": {
    "group_rates": {
      "F": 0.193625,
      "M": 0.21564044943820224,
      "Non-binary": 0.24057142857142857
    },
    "max_rate": 0.24057142857142857,
    "min_rate": 0.193625,
    "disparity": 0.04694642857142858,
    "fair": true
  },
  "gender_equalized_odds": {
    "group_metrics": {
      "M": {
        "tpr": 0.84007242003621,
        "fpr": 0.03599745355634006
      },
      "Non-binary": {
        "tpr": 0.8546255506607929,
        "fpr": 0.02546296296296296
      },
      "F": {
        "tpr": 0.7964125560538117,
        "fpr": 0.0342947451600158
      }
    },
    "tpr_disparity": 0.05821299460698126,
    "fpr_disparity": 0.010534490593377101,
    "fair": true
  },
  "department_parity": {
    "group_rates": {
      "AIDS": 0.2375,
      "AIML": 0.22384615384615383,
      "BCA": 0.10105263157894737,
      "CIVIL": 0.0868421052631579,
      "CSE": 0.2409090909090909,
      "ECE": 0.19463917525773197,
      "EEE": 0.1560655737704918,
      "IT": 0.3116279069767442,
      "MBA": 0.1489655172413793,
      "MECH": 0.13048780487804879
    },
    "max_rate": 0.3116279069767442,
    "min_rate": 0.0868421052631579,
    "disparity": 0.2247858017135863,
    "fair": false
  },
  "board_10th_parity": {
    "group_rates": {
      "CBSE": 0.1760730593607306,
      "ICSE": 0.2575925925925926,
      "Matriculation": 0.19668449197860963,
      "State": 0.19865168539325842
    },
    "max_rate": 0.2575925925925926,
    "min_rate": 0.1760730593607306,
    "disparity": 0.08151953323186201,
    "fair": true
  },
  "board_12th_parity": {
    "group_rates": {
      "CBSE": 0.215188679245283,
      "HSC": 0.22508670520231214,
      "ICSE": 0.1983419689119171,
      "State": 0.19594594594594594
    },
    "max_rate": 0.22508670520231214,
    "min_rate": 0.19594594594594594,
    "disparity": 0.029140759256366194,
    "fair": true
  }
}