{
  "accuracy": 0.934225,
  "precision": 0.8690633641938199,
  "recall": 0.8241733181299886,
  "f1": 0.8460232925615966,
  "cv_accuracy_mean": 0.9206,
  "cv_accuracy_std": 0.0026988423444135965,
  "cv_f1_mean": 0.813947510971726,
  "cv_f1_std": 0.00614137871451799
}