{
  "accuracy": 0.919625,
  "precision": 0.8312462731067383,
  "recall": 0.7947548460661346,
  "f1": 0.8125910813174002
}